from,to,value
0x380dde9af3602e85f05cf0fe56c2556aa4f1fb06,0xb0a7a82491c9d1eb22e0d800c8e1612d5d29b026,84
0x1ad0a064e972893c4924747b7633bedf96983d39,0x0fb61eb20f542ff46e3245d841a8ed3f3f96d2de,43
0x380dde9af3602e85f05cf0fe56c2556aa4f1fb06,0xb0a7a82491c9d1eb22e0d800c8e1612d5d29b026,69
0x0fb61eb20f542ff46e3245d841a8ed3f3f96d2de,0x1ad0a064e972893c4924747b7633bedf96983d39,75
0xb0a7a82491c9d1eb22e0d800c8e1612d5d29b026,0x0fb61eb20f542ff46e3245d841a8ed3f3f96d2de,97
0x380dde9af3602e85f05cf0fe56c2556aa4f1fb06,0xb0a7a82491c9d1eb22e0d800c8e1612d5d29b026,72
0x1ad0a064e972893c4924747b7633bedf96983d39,0x0fb61eb20f542ff46e3245d841a8ed3f3f96d2de,92
0x0fb61eb20f542ff46e3245d841a8ed3f3f96d2de,0x1ad0a064e972893c4924747b7633bedf96983d39,47
0x0fb61eb20f542ff46e3245d841a8ed3f3f96d2de,0x380dde9af3602e85f05cf0fe56c2556aa4f1fb06,13
0x1ad0a064e972893c4924747b7633bedf96983d39,0x380dde9af3602e85f05cf0fe56c2556aa4f1fb06,59
0x1ad0a064e972893c4924747b7633bedf96983d39,0x0fb61eb20f542ff46e3245d841a8ed3f3f96d2de,2
0xb0a7a82491c9d1eb22e0d800c8e1612d5d29b026,0x0fb61eb20f542ff46e3245d841a8ed3f3f96d2de,59
0x1ad0a064e972893c4924747b7633bedf96983d39,0x380dde9af3602e85f05cf0fe56c2556aa4f1fb06,20
0xb0a7a82491c9d1eb22e0d800c8e1612d5d29b026,0x380dde9af3602e85f05cf0fe56c2556aa4f1fb06,73
0x0fb61eb20f542ff46e3245d841a8ed3f3f96d2de,0x3d9f34afb23442dab78391683842b58c23479ffc,7
0x0fb61eb20f542ff46e3245d841a8ed3f3f96d2de,0xb0a7a82491c9d1eb22e0d800c8e1612d5d29b026,91
0x0fb61eb20f542ff46e3245d841a8ed3f3f96d2de,0x3d9f34afb23442dab78391683842b58c23479ffc,48
0xb0a7a82491c9d1eb22e0d800c8e1612d5d29b026,0x1ad0a064e972893c4924747b7633bedf96983d39,12
0x380dde9af3602e85f05cf0fe56c2556aa4f1fb06,0xb0a7a82491c9d1eb22e0d800c8e1612d5d29b026,82
0xb0a7a82491c9d1eb22e0d800c8e1612d5d29b026,0x1ad0a064e972893c4924747b7633bedf96983d39,34
0xb0a7a82491c9d1eb22e0d800c8e1612d5d29b026,0x0fb61eb20f542ff46e3245d841a8ed3f3f96d2de,48
0x1ad0a064e972893c4924747b7633bedf96983d39,0xb0a7a82491c9d1eb22e0d800c8e1612d5d29b026,4
0xb0a7a82491c9d1eb22e0d800c8e1612d5d29b026,0x0fb61eb20f542ff46e3245d841a8ed3f3f96d2de,34
0xb0a7a82491c9d1eb22e0d800c8e1612d5d29b026,0x3d9f34afb23442dab78391683842b58c23479ffc,40
0x1ad0a064e972893c4924747b7633bedf96983d39,0x0fb61eb20f542ff46e3245d841a8ed3f3f96d2de,38
0xb0a7a82491c9d1eb22e0d800c8e1612d5d29b026,0x380dde9af3602e85f05cf0fe56c2556aa4f1fb06,18
0x0fb61eb20f542ff46e3245d841a8ed3f3f96d2de,0x380dde9af3602e85f05cf0fe56c2556aa4f1fb06,84
0xb0a7a82491c9d1eb22e0d800c8e1612d5d29b026,0x1ad0a064e972893c4924747b7633bedf96983d39,10
0x1ad0a064e972893c4924747b7633bedf96983d39,0x3d9f34afb23442dab78391683842b58c23479ffc,34
0x1ad0a064e972893c4924747b7633bedf96983d39,0xb0a7a82491c9d1eb22e0d800c8e1612d5d29b026,50
0x380dde9af3602e85f05cf0fe56c2556aa4f1fb06,0x3d9f34afb23442dab78391683842b58c23479ffc,97
0x1ad0a064e972893c4924747b7633bedf96983d39,0x3d9f34afb23442dab78391683842b58c23479ffc,95
0x0fb61eb20f542ff46e3245d841a8ed3f3f96d2de,0xb0a7a82491c9d1eb22e0d800c8e1612d5d29b026,29
0x380dde9af3602e85f05cf0fe56c2556aa4f1fb06,0x3d9f34afb23442dab78391683842b58c23479ffc,32
0x1ad0a064e972893c4924747b7633bedf96983d39,0x380dde9af3602e85f05cf0fe56c2556aa4f1fb06,66
0x380dde9af3602e85f05cf0fe56c2556aa4f1fb06,0x3d9f34afb23442dab78391683842b58c23479ffc,38
0x0fb61eb20f542ff46e3245d841a8ed3f3f96d2de,0x1ad0a064e972893c4924747b7633bedf96983d39,21
0x0fb61eb20f542ff46e3245d841a8ed3f3f96d2de,0x1ad0a064e972893c4924747b7633bedf96983d39,31
0xb0a7a82491c9d1eb22e0d800c8e1612d5d29b026,0x0fb61eb20f542ff46e3245d841a8ed3f3f96d2de,33
0x0fb61eb20f542ff46e3245d841a8ed3f3f96d2de,0x3d9f34afb23442dab78391683842b58c23479ffc,17
0x1ad0a064e972893c4924747b7633bedf96983d39,0x0fb61eb20f542ff46e3245d841a8ed3f3f96d2de,3
0x1ad0a064e972893c4924747b7633bedf96983d39,0xb0a7a82491c9d1eb22e0d800c8e1612d5d29b026,70
0x3d9f34afb23442dab78391683842b58c23479ffc,0x1ad0a064e972893c4924747b7633bedf96983d39,99
0xb0a7a82491c9d1eb22e0d800c8e1612d5d29b026,0x0fb61eb20f542ff46e3245d841a8ed3f3f96d2de,28
0x380dde9af3602e85f05cf0fe56c2556aa4f1fb06,0x3d9f34afb23442dab78391683842b58c23479ffc,26
0x3d9f34afb23442dab78391683842b58c23479ffc,0xb0a7a82491c9d1eb22e0d800c8e1612d5d29b026,6
0x3d9f34afb23442dab78391683842b58c23479ffc,0x1ad0a064e972893c4924747b7633bedf96983d39,68
0x380dde9af3602e85f05cf0fe56c2556aa4f1fb06,0xb0a7a82491c9d1eb22e0d800c8e1612d5d29b026,67
0x380dde9af3602e85f05cf0fe56c2556aa4f1fb06,0xb0a7a82491c9d1eb22e0d800c8e1612d5d29b026,43
0x3d9f34afb23442dab78391683842b58c23479ffc,0xb0a7a82491c9d1eb22e0d800c8e1612d5d29b026,72
0x1ad0a064e972893c4924747b7633bedf96983d39,0x3d9f34afb23442dab78391683842b58c23479ffc,57
0x1ad0a064e972893c4924747b7633bedf96983d39,0x0fb61eb20f542ff46e3245d841a8ed3f3f96d2de,80
0x1ad0a064e972893c4924747b7633bedf96983d39,0x0fb61eb20f542ff46e3245d841a8ed3f3f96d2de,70
0x380dde9af3602e85f05cf0fe56c2556aa4f1fb06,0xb0a7a82491c9d1eb22e0d800c8e1612d5d29b026,82
0xb0a7a82491c9d1eb22e0d800c8e1612d5d29b026,0x380dde9af3602e85f05cf0fe56c2556aa4f1fb06,35
0xb0a7a82491c9d1eb22e0d800c8e1612d5d29b026,0x0fb61eb20f542ff46e3245d841a8ed3f3f96d2de,20
0x0fb61eb20f542ff46e3245d841a8ed3f3f96d2de,0x380dde9af3602e85f05cf0fe56c2556aa4f1fb06,79
0x1ad0a064e972893c4924747b7633bedf96983d39,0x380dde9af3602e85f05cf0fe56c2556aa4f1fb06,11
0xb0a7a82491c9d1eb22e0d800c8e1612d5d29b026,0x1ad0a064e972893c4924747b7633bedf96983d39,20
0x1ad0a064e972893c4924747b7633bedf96983d39,0x0fb61eb20f542ff46e3245d841a8ed3f3f96d2de,5
0x3d9f34afb23442dab78391683842b58c23479ffc,0x380dde9af3602e85f05cf0fe56c2556aa4f1fb06,27
0x0fb61eb20f542ff46e3245d841a8ed3f3f96d2de,0xb0a7a82491c9d1eb22e0d800c8e1612d5d29b026,83
0x380dde9af3602e85f05cf0fe56c2556aa4f1fb06,0x0fb61eb20f542ff46e3245d841a8ed3f3f96d2de,42
0x1ad0a064e972893c4924747b7633bedf96983d39,0x380dde9af3602e85f05cf0fe56c2556aa4f1fb06,7
0xb0a7a82491c9d1eb22e0d800c8e1612d5d29b026,0x0fb61eb20f542ff46e3245d841a8ed3f3f96d2de,97
0x3d9f34afb23442dab78391683842b58c23479ffc,0x0fb61eb20f542ff46e3245d841a8ed3f3f96d2de,15
0x3d9f34afb23442dab78391683842b58c23479ffc,0x380dde9af3602e85f05cf0fe56c2556aa4f1fb06,60
0xb0a7a82491c9d1eb22e0d800c8e1612d5d29b026,0x0fb61eb20f542ff46e3245d841a8ed3f3f96d2de,74
0x0fb61eb20f542ff46e3245d841a8ed3f3f96d2de,0xb0a7a82491c9d1eb22e0d800c8e1612d5d29b026,34
0x380dde9af3602e85f05cf0fe56c2556aa4f1fb06,0x3d9f34afb23442dab78391683842b58c23479ffc,37
0x0fb61eb20f542ff46e3245d841a8ed3f3f96d2de,0xb0a7a82491c9d1eb22e0d800c8e1612d5d29b026,74
0x380dde9af3602e85f05cf0fe56c2556aa4f1fb06,0xb0a7a82491c9d1eb22e0d800c8e1612d5d29b026,78
0x0fb61eb20f542ff46e3245d841a8ed3f3f96d2de,0xb0a7a82491c9d1eb22e0d800c8e1612d5d29b026,3
0x1ad0a064e972893c4924747b7633bedf96983d39,0x3d9f34afb23442dab78391683842b58c23479ffc,71
0x380dde9af3602e85f05cf0fe56c2556aa4f1fb06,0xb0a7a82491c9d1eb22e0d800c8e1612d5d29b026,6
0x3d9f34afb23442dab78391683842b58c23479ffc,0x380dde9af3602e85f05cf0fe56c2556aa4f1fb06,34
0xb0a7a82491c9d1eb22e0d800c8e1612d5d29b026,0x1ad0a064e972893c4924747b7633bedf96983d39,37
0xb0a7a82491c9d1eb22e0d800c8e1612d5d29b026,0x1ad0a064e972893c4924747b7633bedf96983d39,2
0x3d9f34afb23442dab78391683842b58c23479ffc,0x380dde9af3602e85f05cf0fe56c2556aa4f1fb06,84
0xb0a7a82491c9d1eb22e0d800c8e1612d5d29b026,0x1ad0a064e972893c4924747b7633bedf96983d39,19
0x3d9f34afb23442dab78391683842b58c23479ffc,0x0fb61eb20f542ff46e3245d841a8ed3f3f96d2de,43
0x380dde9af3602e85f05cf0fe56c2556aa4f1fb06,0x1ad0a064e972893c4924747b7633bedf96983d39,25
0x380dde9af3602e85f05cf0fe56c2556aa4f1fb06,0x1ad0a064e972893c4924747b7633bedf96983d39,93
0x3d9f34afb23442dab78391683842b58c23479ffc,0x1ad0a064e972893c4924747b7633bedf96983d39,70
0x3d9f34afb23442dab78391683842b58c23479ffc,0x1ad0a064e972893c4924747b7633bedf96983d39,4
0xb0a7a82491c9d1eb22e0d800c8e1612d5d29b026,0x0fb61eb20f542ff46e3245d841a8ed3f3f96d2de,78
0x1ad0a064e972893c4924747b7633bedf96983d39,0x380dde9af3602e85f05cf0fe56c2556aa4f1fb06,16
0xb0a7a82491c9d1eb22e0d800c8e1612d5d29b026,0x0fb61eb20f542ff46e3245d841a8ed3f3f96d2de,85
0x0fb61eb20f542ff46e3245d841a8ed3f3f96d2de,0x3d9f34afb23442dab78391683842b58c23479ffc,41
0x3d9f34afb23442dab78391683842b58c23479ffc,0x380dde9af3602e85f05cf0fe56c2556aa4f1fb06,72
0x0fb61eb20f542ff46e3245d841a8ed3f3f96d2de,0xb0a7a82491c9d1eb22e0d800c8e1612d5d29b026,12
0x0fb61eb20f542ff46e3245d841a8ed3f3f96d2de,0x3d9f34afb23442dab78391683842b58c23479ffc,62
0x1ad0a064e972893c4924747b7633bedf96983d39,0xb0a7a82491c9d1eb22e0d800c8e1612d5d29b026,11
0x0fb61eb20f542ff46e3245d841a8ed3f3f96d2de,0xb0a7a82491c9d1eb22e0d800c8e1612d5d29b026,97
0x3d9f34afb23442dab78391683842b58c23479ffc,0x0fb61eb20f542ff46e3245d841a8ed3f3f96d2de,39
0x3d9f34afb23442dab78391683842b58c23479ffc,0xb0a7a82491c9d1eb22e0d800c8e1612d5d29b026,69
0x380dde9af3602e85f05cf0fe56c2556aa4f1fb06,0x0fb61eb20f542ff46e3245d841a8ed3f3f96d2de,20
0x1ad0a064e972893c4924747b7633bedf96983d39,0x3d9f34afb23442dab78391683842b58c23479ffc,82
0x0fb61eb20f542ff46e3245d841a8ed3f3f96d2de,0xb0a7a82491c9d1eb22e0d800c8e1612d5d29b026,75
0x0fb61eb20f542ff46e3245d841a8ed3f3f96d2de,0x1ad0a064e972893c4924747b7633bedf96983d39,8
