timestamp,blockHeight,tx_total,tx_normal,tx_relay_first_half,tx_relay_second_half
1666616078,1,10,5,5,0
1666616078,1,10,5,5,0
1666616083,2,10,1,1,8
1666616083,2,10,3,7,0
1666616088,3,10,0,0,10
1666616088,3,10,0,10,0
1666616093,4,10,0,0,10
1666616093,4,10,0,10,0
1666616098,5,10,1,1,8
1666616098,5,10,1,9,0
1666616103,6,10,5,5,0
1666616103,6,10,5,5,0
1666616108,7,10,3,3,4
1666616108,7,10,3,7,0
1666616113,8,10,5,5,0
1666616113,8,10,5,5,0
1666616118,9,10,0,0,10
1666616118,9,10,0,10,0
1666616123,10,5,0,0,5
1666616123,10,4,0,4,0
